AranthAdmin,12:55:05,09:07:2023
AranthAdmin,12:56:33,09:07:2023
AranthAdmin,12:59:53,09:07:2023
AranthAdmin,13:00:56,09:07:2023
AranthAdmin,13:01:31,09:07:2023
AranthAdmin,13:02:54,09:07:2023
AranthAdmin,13:08:42,09:07:2023
AranthAdmin,13:10:58,09:07:2023
AranthAdmin,14:35:00,09:07:2023
UdArmaan,15:39:21,09:07:2023
Polsuma,15:40:17,09:07:2023
Polsuma,19:56:04,09:07:2023
AranthAdmin,20:59:39,09:07:2023
AranthAdmin,21:08:29,09:07:2023
AranthAdmin,21:53:00,09:07:2023
AranthAdmin,21:58:26,09:07:2023
AranthAdmin,22:08:48,09:07:2023
AranthAdmin,22:09:46,09:07:2023
AranthAdmin,22:11:27,09:07:2023
AranthAdmin,22:15:46,09:07:2023
AranthAdmin,22:17:17,09:07:2023
AranthAdmin,22:21:07,09:07:2023
AranthAdmin,22:31:01,09:07:2023
AranthAdmin,10:24:14,11:07:2023
Armaan016,10:26:00,11:07:2023
Armaan016,10:27:22,11:07:2023
Armaan016,10:30:06,11:07:2023
Armaan016,10:34:14,11:07:2023
Armaan016,11:11:27,13:07:2023
AranthAdmin,11:15:28,13:07:2023
AranthAdmin,21:25:56,13:07:2023
AranthAdmin,21:29:38,13:07:2023
AranthAdmin,17:28:21,14:07:2023
Armaan016,17:32:48,14:07:2023
AranthAdmin,17:35:24,14:07:2023
Armaan016,18:00:19,14:07:2023
AranthAdmin,10:28:06,15:07:2023
AranthAdmin,10:28:38,15:07:2023
AranthAdmin,10:30:41,15:07:2023
AranthAdmin,10:22:53,19:07:2023
Armaan016,10:28:26,19:07:2023
